id,title,authors,year,venue,arxiv_id,doi,url,bibtex_key,category,sub_category,task,input_modality,output_modality,model_family,dynamics_modeling,physical_prior,interaction,benchmark,dataset,metrics,key_contribution,main_limitation,relevance_to_survey,status,notes_file
P001,"Learning Latent Dynamics for Planning from Pixels","Danijar Hafner et al.",2019,"ICML","1811.04551","UNKNOWN","https://arxiv.org/abs/1811.04551","hafner2019_planet_prov","latent_world_models","planning_from_pixels","model_based_control","video_plus_action","latent_state_plus_reward","rssm_planning","latent_space","none","action_conditioned","no","DeepMind Control Suite","reward; control return","Planning in learned latent dynamics from pixels","Limited visual realism and domain breadth by current standards","Canonical bridge from video prediction to world models","core","notes/P001_learning_latent_dynamics_for_planning_from_pixels.md"
P002,"Dream to Control: Learning Behaviors by Latent Imagination","Danijar Hafner et al.",2020,"ICLR","1912.01603","UNKNOWN","https://arxiv.org/abs/1912.01603","hafner2020_dreamer_prov","latent_world_models","latent_imagination_control","model_based_rl","video_plus_action","action_policy_plus_value","rssm_actor_critic","latent_space","none","action_conditioned","no","DeepMind Control Suite","episode_return","Latent imagination with actor-critic learning","Still tied to task rewards and online interaction","Essential for planning/control-oriented world-model taxonomy","core","notes/P002_dream_to_control_learning_behaviors_by_latent_imagination.md"
P003,"Recurrent World Models Facilitate Policy Evolution","David Ha; Jürgen Schmidhuber",2018,"NeurIPS","1803.10122","UNKNOWN","https://arxiv.org/abs/1803.10122","ha2018_world_models_prov","latent_world_models","latent_imagination","model_based_control","video_plus_action","latent_state_plus_policy","vae_rnn_controller","latent_space","none","action_conditioned","no","CarRacing; VizDoom","episode_return","Popularized the modern world-model pipeline","Small-scale by later standards","Foundational framing paper for the whole survey","core","notes/P003_recurrent_world_models_facilitate_policy_evolution.md"
P004,"Action-Conditional Video Prediction using Deep Networks in Atari Games","Junhyuk Oh; Xiaoxiao Guo; Honglak Lee; Richard L. Lewis; Satinder Singh",2015,"NeurIPS","1507.08750","UNKNOWN","https://arxiv.org/abs/1507.08750","oh2015_action_conditional_video_prediction_prov","video_prediction","action_conditioned","future_frame_prediction","video_plus_action","video","autoregressive_cnn","pixel_space","none","action_conditioned","no","Arcade Learning Environment","MSE; control_utility","Early long-horizon action-conditioned prediction from pixels","Game-domain scope and pixel-space brittleness","Key origin point for predictive models from visual interaction","core","notes/P004_action_conditional_video_prediction_using_deep_networks_in_atari_games.md"
P005,"Unsupervised Learning for Physical Interaction through Video Prediction","Chelsea Finn; Ian Goodfellow; Sergey Levine",2016,"NeurIPS","1605.07157","UNKNOWN","https://arxiv.org/abs/1605.07157","finn2016_physical_interaction_video_prediction_prov","video_prediction","robotic_prediction","future_frame_prediction","video_plus_action","video","dna_cdna","pixel_space","none","action_conditioned","no","BAIR robot pushing","PSNR; SSIM; task_success","Robot interaction learned through video prediction","Short-horizon and pixel-space limitations","Core robot-world-model precursor","core","notes/P005_unsupervised_learning_for_physical_interaction_through_video_prediction.md"
P006,"Stochastic Variational Video Prediction","Mohammad Babaeizadeh et al.",2018,"ICLR","1710.11252","UNKNOWN","https://arxiv.org/abs/1710.11252","babaeizadeh2018_sv2p_prov","video_prediction","stochastic_prediction","future_frame_prediction","video_plus_action","video","vae_rnn","pixel_and_latent","none","action_conditioned","no","BAIR; Human3.6M","PSNR; SSIM","Introduced latent-variable stochastic futures to video prediction","Still optimized largely around reconstruction","Important for uncertainty in predictive world models","core","notes/P006_stochastic_variational_video_prediction.md"
P007,"Interaction Networks for Learning about Objects, Relations and Physics","Peter W. Battaglia et al.",2016,"NeurIPS","1612.00222","UNKNOWN","https://arxiv.org/abs/1612.00222","battaglia2016_interaction_networks_prov","generative_simulation","relational_dynamics","physical_simulation","state_graph","future_state","graph_network","object_centric","graph_relational_bias","none","no","synthetic_physics_systems","MSE","General-purpose learnable interaction simulator","Not video-based in its core formulation","Foundational background for structured simulators and object interactions","core","notes/P007_interaction_networks_for_learning_about_objects_relations_and_physics.md"
P008,"Visual Interaction Networks","Nicholas Watters et al.",2017,"NeurIPS","1706.01433","UNKNOWN","https://arxiv.org/abs/1706.01433","watters2017_visual_interaction_networks_prov","physical_dynamics","object_based_from_video","physical_prediction","video","future_state_plus_video","cnn_plus_graph_network","object_centric","graph_relational_bias","none","no","bouncing_shapes; physical_systems","rollout_error","Combines visual perception with interaction-based physical dynamics","Synthetic settings dominate","One of the clearest visual-physics sequence models","core","notes/P008_visual_interaction_networks.md"
P009,"Reasoning About Physical Interactions with Object-Oriented Prediction and Planning","Michael Janner et al.",2019,"ICLR","1812.10972","UNKNOWN","https://arxiv.org/abs/1812.10972","janner2019_o2p2_prov","object_centric_world_models","object_oriented_prediction","prediction_and_planning","video","objects_plus_video","object_centric_renderer_dynamics","object_centric","object_entity_bias","none","no","block_stacking","prediction_error; planning_success","Maps images to objects, predicts object interactions, renders back to pixels","Focused on structured synthetic object worlds","Central object-centric world-model paper for intuitive physics","core","notes/P009_reasoning_about_physical_interactions_with_object_oriented_prediction_and_planning.md"
P010,"DINO-WM: World Models on Pre-trained Visual Features enable Zero-shot Planning","Gaoyue Zhou; Hengkai Pan; Yann LeCun; Lerrel Pinto",2025,"ICML","2411.04983","UNKNOWN","https://arxiv.org/abs/2411.04983","zhou2025_dino_wm_prov","latent_world_models","feature_space_planning","test_time_planning","video_plus_action","feature_trajectory","feature_predictor_transformer","feature_space","pretrained_visual_features","action_conditioned","no","maze; manipulation; particle_envs","planning_success","Predicts DINOv2 features for zero-shot planning","Very recent and still maturing","Important recent alternative to pixel reconstruction","candidate","notes/P010_dino_wm_world_models_on_pretrained_visual_features.md"
P011,"Video Diffusion Models","Jonathan Ho et al.",2022,"NeurIPS","2204.03458","UNKNOWN","https://arxiv.org/abs/2204.03458","ho2022_video_diffusion_models_prov","diffusion_world_models","video_generation","video_generation_and_prediction","video_text_or_video","video","diffusion","pixel_space","none","conditional","no","UCF101; BAIR; text_video_data","FVD","Established diffusion as a serious video-model baseline","Not a world model in the control sense by itself","Essential background for later diffusion world models","core","notes/P011_video_diffusion_models.md"
P012,"Diffusion for World Modeling: Visual Details Matter in Atari","Eloi Alonso et al.",2024,"NeurIPS","2405.12399","UNKNOWN","https://arxiv.org/abs/2405.12399","alonso2024_diamond_prov","diffusion_world_models","diffusion_world_model","world_model_rl","video_plus_action","video_plus_policy","diffusion_rl","pixel_space","none","action_conditioned","no","Atari100k; CSGO","human_normalized_score","Makes diffusion explicit as a world-model architecture","Focused on game environments","Directly relevant modern diffusion-based world model","core","notes/P012_diffusion_for_world_modeling_visual_details_matter_in_atari.md"
P013,"Genie: Generative Interactive Environments","Jake Bruce et al.",2024,"ICML","2402.15391","UNKNOWN","https://arxiv.org/abs/2402.15391","bruce2024_genie_prov","interactive_world_models","playable_worlds","interactive_video_generation","video_or_image_prompt","interactive_video","tokenizer_autoregressive","latent_token_space","latent_action_bias","interactive","no","internet_videos","human_eval; controllability","Learns playable interactive environments from unlabeled video","Early foundation-world-model stage with many open questions","High-value recent reference for interactive generative environments","core","notes/P013_genie_generative_interactive_environments.md"
P014,"Transformers are Sample-Efficient World Models","Vincent Micheli; Eloi Alonso; François Fleuret",2023,"ICLR","2209.00588","UNKNOWN","https://arxiv.org/abs/2209.00588","micheli2023_iris_prov","latent_world_models","transformer_world_model","model_based_rl","video_plus_action","token_or_latent_sequence","vqvae_transformer","discrete_latent_space","none","action_conditioned","no","Atari100k","human_normalized_score","Recasts world modeling as token prediction with a transformer","Domain scope is still mainly Atari","Important transformer-based world-model milestone","core","notes/P014_transformers_are_sample_efficient_world_models.md"
P015,"Mastering Atari with Discrete World Models","Danijar Hafner et al.",2021,"ICLR","2010.02193","UNKNOWN","https://arxiv.org/abs/2010.02193","hafner2021_dreamerv2_prov","latent_world_models","discrete_latent_rl","model_based_rl","video_plus_action","latent_state_plus_policy","discrete_rssm_actor_critic","discrete_latent_space","none","action_conditioned","no","Atari100k; continuous_control","human_normalized_score","Shows strong Atari performance with discrete latent world models","Still benchmark-centric","Key successor to Dreamer in discrete latent space","core","notes/P015_mastering_atari_with_discrete_world_models.md"
P016,"DayDreamer: World Models for Physical Robot Learning","Philipp Wu et al.",2022,"CoRL","2206.14176","UNKNOWN","https://arxiv.org/abs/2206.14176","wu2022_daydreamer_prov","embodied_world_models","robot_learning","model_based_robot_control","video_plus_action","action_policy","rssm_actor_critic","latent_space","none","action_conditioned","no","real_robot_tasks","task_success","Demonstrates world-model learning directly on physical robots","Requires substantial platform engineering","Important embodied world-model paper","core","notes/P016_daydreamer_world_models_for_physical_robot_learning.md"
P017,"Contrastive Learning of Structured World Models","Thomas Kipf et al.",2020,"ICLR","1911.12247","UNKNOWN","https://arxiv.org/abs/1911.12247","kipf2020_cswm_prov","object_centric_world_models","contrastive_latent_dynamics","planning","video_plus_action","latent_object_state","contrastive_gnn","object_centric_latent","object_entity_bias","action_conditioned","no","gridworld_like_envs; PHYRE_style_tasks","planning_success","Uses contrastive learning to induce structured object-centric world models","Often evaluated in simplified environments","Very useful for structured latent-dynamics taxonomy","core","notes/P017_contrastive_learning_of_structured_world_models.md"
P018,"SlotFormer: Unsupervised Visual Dynamics Simulation with Object-Centric Models","Ziyi Wu et al.",2023,"ICLR","2210.05861","UNKNOWN","https://arxiv.org/abs/2210.05861","wu2023_slotformer_prov","object_centric_world_models","slot_based_dynamics","visual_dynamics_simulation","video","slot_trajectories_plus_video","slot_transformer","object_centric_latent","slot_attention_bias","none","no","MOVi; object-centric_datasets","prediction_metrics","Simulates dynamics in slot space for object-centric prediction","Still depends on object-centric pre-processing quality","Strong modern object-centric dynamics reference","core","notes/P018_slotformer_unsupervised_visual_dynamics_simulation.md"
P019,"Entity Abstraction in Visual Model-Based Reinforcement Learning","Rishi Veerapaneni; John D. Co-Reyes; Michael Chang; Michael Janner; Chelsea Finn; Jiajun Wu; Joshua B. Tenenbaum; Sergey Levine",2019,"CoRL","1910.12827","UNKNOWN","https://arxiv.org/abs/1910.12827","veerapaneni2019_op3_prov","object_centric_world_models","UNKNOWN","UNKNOWN","UNKNOWN","UNKNOWN","UNKNOWN","UNKNOWN","UNKNOWN","UNKNOWN","UNKNOWN","UNKNOWN","UNKNOWN","OP3 is a key object-centric MBRL paper connecting unsupervised perception, dynamics, and planning","UNKNOWN","Restored from ranked core paper list","background","notes/P019_entity_abstraction_in_visual_model_based_reinforcement_learning.md"
P020,"MCVD: Masked Conditional Video Diffusion for Prediction, Generation, and Interpolation","Vikram Voleti; Alexia Jolicoeur-Martineau; Christopher Pal",2022,"NeurIPS","2205.09853","UNKNOWN","https://arxiv.org/abs/2205.09853","voleti2022_mcvd_prov","diffusion_world_models","diffusion_video_prediction","future_frame_prediction","video","video","diffusion","pixel_space","none","conditional","no","BAIR; KTH; Cityscapes_sequence","FVD; prediction_metrics","Direct diffusion formulation for video prediction and interpolation","Not yet a full planning/control world model","Important diffusion-prediction bridge paper","core","notes/P020_mcvd_masked_conditional_video_diffusion_for_prediction_generation_and_interpolation.md"
P021,"VideoWorld: Exploring Knowledge Learning from Unlabeled Videos","Zhongwei Ren et al.",2025,"CVPR","2501.09781","UNKNOWN","https://arxiv.org/abs/2501.09781","ren2025_videoworld_prov","interactive_world_models","video_only_world_model","knowledge_learning_from_video","video","latent_dynamics_plus_policy","latent_dynamics_autoregressive","latent_space","none","action_conditioned_or_conditional","no","Video-GoBench; CALVIN; RLBench","task_success","Claims knowledge and control can emerge from unlabeled videos via latent dynamics","Very recent and broad in scope","Potentially important for video-only world-model scaling","candidate","notes/P021_videoworld_exploring_knowledge_learning_from_unlabeled_videos.md"
P022,"Vid2World: Crafting Video Diffusion Models to Interactive World Models","Siqiao Huang et al.",2026,"ICLR","2505.14357","UNKNOWN","https://arxiv.org/abs/2505.14357","huang2026_vid2world_prov","interactive_world_models","interactive_diffusion_world_model","action_conditioned_world_modeling","video_plus_action","interactive_video","diffusion_adapter","diffusion_latent_space","none","interactive","no","UNKNOWN","prediction_metrics; controllability","Transforms passive video diffusion models into interactive world models","Very recent and not yet broadly adopted","Highly relevant newest paper at the diffusion/world-model boundary","candidate","notes/P022_vid2world_crafting_video_diffusion_models_to_interactive_world_models.md"
P023,"PhyDNet: Disentangling Physical Dynamics From Unknown Factors for Unsupervised Video Prediction","Vincent Le Guen; Nicolas Thome",2020,"CVPR","UNKNOWN","UNKNOWN","https://openaccess.thecvf.com/content_CVPR_2020/html/Le_Guen_Disentangling_Physical_Dynamics_From_Unknown_Factors_for_Unsupervised_Video_Prediction_CVPR_2020_paper.html","leguen2020_phydnet_prov","video_prediction","physics_disentanglement","future_frame_prediction","video","video","physics_informed_rnn","latent_space","pde_inspired","none","no","traffic; human_motion; physical_sequences","PSNR; SSIM","Separates physical dynamics from residual appearance factors","Physics prior is still approximate and narrow","Directly relevant to physical-dynamics learning from video","core","notes/P023_phydnet_disentangling_physical_dynamics_from_unknown_factors_for_unsupervised_video_prediction.md"
P024,"MaskViT: Masked Visual Pre-Training for Video Prediction","Agrim Gupta et al.",2023,"ICLR","2206.11894","UNKNOWN","https://arxiv.org/abs/2206.11894","gupta2023_maskvit_prov","video_prediction","masked_token_prediction","future_frame_prediction_and_planning","video_plus_action","video","masked_transformer","token_space","none","action_conditioned","no","RoboNet; robotic_manipulation","prediction_metrics; task_success","Masked-token video prediction scaled to planning use","Still primarily a predictive model rather than a full world model","Useful bridge between video prediction and embodied planning","core","notes/P024_maskvit_masked_visual_pre_training_for_video_prediction.md"
P025,"Eidetic 3D LSTM: A Model for Video Prediction and Beyond","Yunbo Wang et al.",2019,"ICLR","UNKNOWN","UNKNOWN","https://openreview.net/forum?id=B1lKS2AqtX","wang2019_e3dlstm_prov","video_prediction","recurrent_prediction","future_frame_prediction","video","video","rnn_lstm","pixel_space","none","none","no","MovingMNIST; KTH; Human3.6M","prediction_metrics","Strong 3D recurrent architecture for spatiotemporal prediction","Still largely fidelity-oriented","Good representative of mature recurrent video prediction","background","notes/P025_eidetic_3d_lstm_a_model_for_video_prediction_and_beyond.md"
P026,"SimVP: Simpler yet Better Video Prediction","Zhangyang Gao et al.",2022,"CVPR","2206.05099","10.1109/CVPR52688.2022.00317","https://arxiv.org/abs/2206.05099","gao2022_simvp_prov","video_prediction","simplified_architecture","future_frame_prediction","video","video","cnn_based_predictor","pixel_space","none","none","no","MovingMNIST; weather; traffic","prediction_metrics","Strong simple baseline for spatiotemporal prediction","Not inherently structured or interactive","Useful baseline anchor in any survey section on later video prediction","background","notes/P026_simvp_simpler_yet_better_video_prediction.md"
P027,"Decomposing Motion and Content for Natural Video Sequence Prediction","Ruben Villegas et al.",2017,"ICLR","1706.08033","UNKNOWN","https://arxiv.org/abs/1706.08033","villegas2017_motion_content_prov","video_prediction","content_motion_factorization","future_frame_prediction","video","video","cnn_convlstm","pixel_and_feature_space","none","none","no","KTH; UCF101","prediction_metrics","Separates motion from content for prediction","Still limited by reconstruction quality","Important historical factorization idea","background","notes/P027_decomposing_motion_and_content_for_natural_video_sequence_prediction.md"
P028,"Stochastic Video Generation with a Learned Prior","Emily Denton; Rob Fergus",2018,"ICML","1802.07687","UNKNOWN","https://arxiv.org/abs/1802.07687","denton2018_svg_lp_prov","video_prediction","stochastic_prediction","future_frame_prediction","video","video","vae_rnn","latent_space","none","none","no","MovingMNIST; BAIR; KTH","prediction_metrics","Learns a prior over stochastic future trajectories","Limited control/planning framing","Important stochastic latent-video reference","background","notes/P028_stochastic_video_generation_with_a_learned_prior.md"
P029,"Learning Visual Predictive Models of Physics for Playing Billiards","Alex Fragkiadaki et al.",2016,"arXiv","1511.07404","UNKNOWN","https://arxiv.org/abs/1511.07404","fragkiadaki2016_billiards_prov","physical_dynamics","visual_physics","physical_prediction","video","future_state_plus_video","object_centric_cnn_lstm","object_centric","none","none","no","billiards","rollout_error","Early object-based physical prediction from visuals","Highly constrained domain","Useful historical background for visual physics","background","notes/P029_learning_visual_predictive_models_of_physics_for_playing_billiards.md"
P030,"A Compositional Object-Based Approach to Learning Physical Dynamics","Michael B. Chang et al.",2016,"arXiv","1612.00341","UNKNOWN","https://arxiv.org/abs/1612.00341","chang2016_compositional_object_physics_prov","physical_dynamics","object_based_simulation","physical_prediction","state_or_abstract_objects","future_state","object_centric_mlp","object_centric","object_entity_bias","none","no","synthetic_physics_systems","prediction_error","Classic neural physics engine style compositional dynamics","Not video-first","Important conceptual precursor to object-centric world models","background","notes/P030_a_compositional_object_based_approach_to_learning_physical_dynamics.md"
P031,"Unsupervised Learning of Object Structure and Dynamics from Videos","Matthias Minderer et al.",2019,"NeurIPS","1906.07889","UNKNOWN","https://arxiv.org/abs/1906.07889","minderer2019_object_structure_dynamics_prov","object_centric_world_models","keypoint_dynamics","future_prediction_and_representation_learning","video","keypoints_plus_video","keypoint_vae","object_centric_latent","keypoint_bias","none","no","Human3.6M; sports; DMControl_video","prediction_metrics; downstream_transfer","Learns keypoint structure and dynamics without supervision","Keypoint abstraction can be coarse","Useful for object-centric representation learning from video","background","notes/P031_unsupervised_learning_of_object_structure_and_dynamics_from_videos.md"
P032,"Pre-training Contextualized World Models with In-the-wild Videos for Reinforcement Learning","Jialong Wu et al.",2023,"NeurIPS","2305.18499","UNKNOWN","https://arxiv.org/abs/2305.18499","wu2023_contextwm_prov","latent_world_models","video_pretraining","world_model_pretraining","video_plus_action","latent_state_plus_policy","contextualized_rssm","latent_space","none","action_conditioned","no","robotics; locomotion; driving","sample_efficiency","Pretrains world models on in-the-wild videos for transfer","Representation and transfer remain domain-sensitive","Important for large-scale video pretraining discussions","background","notes/P032_pre_training_contextualized_world_models_with_in_the_wild_videos_for_reinforcement_learning.md"
P033,"PHYRE: A New Benchmark for Physical Reasoning","Anton Bakhtin et al.",2019,"NeurIPS","1908.05656","UNKNOWN","https://arxiv.org/abs/1908.05656","bakhtin2019_phyre_prov","evaluation_benchmarks","physical_reasoning_benchmark","benchmarking","video_or_state","benchmark_score","benchmark","UNKNOWN","physical_reasoning","none","yes","PHYRE","AUCCESS; sample_efficiency","Benchmark for physical reasoning and generalization","2D puzzle world abstraction","Foundational benchmark background for physical world modeling","core","notes/P033_phyre_a_new_benchmark_for_physical_reasoning.md"
P034,"CLEVRER: CoLlision Events for Video REpresentation and Reasoning","Kexin Yi et al.",2020,"ICLR","1910.01442","UNKNOWN","https://arxiv.org/abs/1910.01442","yi2020_clevrer_prov","evaluation_benchmarks","causal_video_reasoning","benchmarking","video_plus_language","qa_scores","benchmark","UNKNOWN","causal_reasoning_bias","none","yes","CLEVRER","QA_accuracy","Targets descriptive, explanatory, predictive, and counterfactual reasoning in videos","Synthetic and QA-style","Important for causal/physical reasoning evaluation","core","notes/P034_clevrer_collision_events_for_video_representation_and_reasoning.md"
P035,"Physion: Evaluating Physical Prediction from Vision in Humans and Machines","Daniel M. Bear et al.",2021,"NeurIPS Datasets and Benchmarks","2106.08261","UNKNOWN","https://arxiv.org/abs/2106.08261","bear2021_physion_prov","evaluation_benchmarks","physical_prediction_benchmark","benchmarking","video","benchmark_score","benchmark","UNKNOWN","physical_reasoning_bias","none","yes","Physion","accuracy; human_model_gap","Large-scale benchmark for visual physical prediction","Simulation to perception gap remains","One of the most important physical-prediction benchmarks","core","notes/P035_physion_evaluating_physical_prediction_from_vision_in_humans_and_machines.md"
P036,"Towards Accurate Generative Models of Video: A New Metric & Challenges","Thomas Unterthiner et al.",2018,"arXiv","1812.01717","UNKNOWN","https://arxiv.org/abs/1812.01717","unterthiner2018_fvd_prov","evaluation_benchmarks","video_generation_metric","evaluation","video","metric","metric_benchmark","UNKNOWN","none","none","yes","SCV","FVD","Introduced Fréchet Video Distance","Metric does not test controllability or physics directly","Essential evaluation background for generative video sections","core","notes/P036_towards_accurate_generative_models_of_video_a_new_metric_and_challenges.md"
P037,"VideoPhy: Evaluating Physical Commonsense for Video Generation","Hritik Bansal et al.",2025,"ICLR","2406.03520","UNKNOWN","https://arxiv.org/abs/2406.03520","bansal2025_videophy_prov","evaluation_benchmarks","physical_consistency_benchmark","evaluation_of_generated_videos","text_plus_video","benchmark_score","benchmark","UNKNOWN","physical_commonsense_bias","none","yes","VideoPhy","human_eval; auto_eval","Evaluates whether generated videos obey physical commonsense","Focused on commonsense prompts rather than full interaction","Important modern physics benchmark for video generation","core","notes/P037_videophy_evaluating_physical_commonsense_for_video_generation.md"
P038,"Towards World Simulator: Crafting Physical Commonsense-Based Benchmark for Video Generation","Fanqing Meng et al.",2025,"ICML","2410.05363","UNKNOWN","https://arxiv.org/abs/2410.05363","meng2025_phygenbench_prov","evaluation_benchmarks","physical_commonsense_benchmark","evaluation_of_generated_videos","text_plus_video","benchmark_score","benchmark","UNKNOWN","physical_commonsense_bias","none","yes","PhyGenBench","human_alignment; auto_eval","Builds a physics-commonsense benchmark and evaluation framework","Still benchmarking prompt-based generation rather than embodied control","Useful for recent evaluation chapter and open-challenges discussion","candidate","notes/P038_towards_world_simulator_crafting_physical_commonsense_based_benchmark_for_video_generation.md"
P039,"How Far Is Video Generation from World Model: A Physical Law Perspective","Bingyi Kang et al.",2025,"ICML","2411.02385","UNKNOWN","https://arxiv.org/abs/2411.02385","kang2025_physical_law_perspective_prov","evaluation_benchmarks","physical_law_generalization","evaluation_of_video_prediction","video","benchmark_score","analysis_benchmark","UNKNOWN","physical_law_bias","none","yes","PhyWorld_testbed","ID; OOD; combinatorial_generalization","Directly tests whether video models generalize physical laws","Uses simplified synthetic mechanics testbed","Extremely relevant to the survey thesis itself","candidate","notes/P039_how_far_is_video_generation_from_world_model_a_physical_law_perspective.md"
P040,"Do generative video models learn physical principles from watching videos?","Saman Motamed et al.",2025,"arXiv","2501.09038","UNKNOWN","https://arxiv.org/abs/2501.09038","motamed2025_physics_iq_prov","evaluation_benchmarks","physics_iq_benchmark","evaluation_of_video_models","video","benchmark_score","benchmark","UNKNOWN","physical_law_bias","none","yes","Physics-IQ","prediction_error; physics_score","Introduces Physics-IQ to disentangle realism from physical understanding","Very recent and still expanding","High-value current reference on realism vs physics understanding","candidate","notes/P040_do_generative_video_models_learn_physical_principles_from_watching_videos.md"
P041,"Convolutional LSTM Network: A Machine Learning Approach for Precipitation Nowcasting","Xingjian Shi; Zhourong Chen; Hao Wang; Dit-Yan Yeung; Wai-kin Wong; Wang-chun Woo",2015,"arXiv","1506.04214","UNKNOWN","https://arxiv.org/abs/1506.04214","shi2015convlstm","video_prediction","recurrent_baseline","spatiotemporal_prediction","video_or_radar_frames","future_frames","convlstm","convolutional_lstm_recurrence","none","passive","no","radar_echo_datasets","UNKNOWN","Introduces ConvLSTM as a canonical spatiotemporal recurrent baseline","Not a world model and lacks action conditioning or explicit physical abstraction","Baseline anchor for Section 04 discussion of recurrent visual dynamics","background","notes/P041_shi2015convlstm.md"
P042,"PredRNN: A Recurrent Neural Network for Spatiotemporal Predictive Learning","Yunbo Wang; Haixu Wu; Jianjin Zhang; Zhifeng Gao; Jianmin Wang; Philip S. Yu; Mingsheng Long",2021,"arXiv","2103.09504","UNKNOWN","https://arxiv.org/abs/2103.09504","wang2021predrnn","video_prediction","recurrent_baseline","spatiotemporal_prediction","video","future_frames","predrnn","spatiotemporal_recurrent_memory","none","passive_or_action_conditioned_variants","no","UNKNOWN","UNKNOWN","Family anchor for PredRNN-style deep-in-time recurrent predictive learning","Retrieved source is a later arXiv family anchor rather than the original 2017 conference version","Supports Section 04 baseline lineage beyond SV2P and robot video prediction","background","notes/P042_wang2021predrnn.md"
P043,"PredRNN++: Towards A Resolution of the Deep-in-Time Dilemma in Spatiotemporal Predictive Learning","Yunbo Wang; Zhifeng Gao; Mingsheng Long; Jianmin Wang; Philip S. Yu",2018,"arXiv","1804.06300","UNKNOWN","https://arxiv.org/abs/1804.06300","wang2018predrnnpp","video_prediction","recurrent_baseline","spatiotemporal_prediction","video","future_frames","predrnnpp","causal_lstm_gradient_highway","none","passive","no","video_prediction_benchmarks","UNKNOWN","Addresses deep-in-time recurrent prediction with causal LSTM and gradient highway mechanisms","Primarily architecture-oriented and not an explicit world model","Comparator for Section 04 architecture-oriented video prediction baselines","background","notes/P043_wang2018predrnnpp.md"
P044,"Memory In Memory: A Predictive Neural Network for Learning Higher-Order Non-Stationarity from Spatiotemporal Dynamics","Yunbo Wang; Jianjin Zhang; Hongyu Zhu; Mingsheng Long; Jianmin Wang; Philip S. Yu",2018,"arXiv","1811.07490","UNKNOWN","https://arxiv.org/abs/1811.07490","wang2018mim","video_prediction","recurrent_baseline","spatiotemporal_prediction","video","future_frames","mim","memory_in_memory_recurrence","none","passive","no","video_prediction_benchmarks","UNKNOWN","Models higher-order non-stationarity in recurrent spatiotemporal prediction","Architecture-oriented baseline without explicit world-model semantics","Strengthens Section 04 coverage of recurrent video prediction baselines","background","notes/P044_wang2018mim.md"
P049,"VideoGPT: Video Generation using VQ-VAE and Transformers","Wilson Yan; Yunzhi Zhang; Pieter Abbeel; Aravind Srinivas",2021,"arXiv","2104.10157","UNKNOWN","https://arxiv.org/abs/2104.10157","yan2021videogpt","video_prediction","token_video_model","video_generation","video","video","vqvae_transformer","token_autoregressive_dynamics","none","conditional","no","video_generation_datasets","generation_metrics","Uses VQ-VAE and Transformers for tokenized video generation","Not a world model unless connected to prediction or control","Supports distinctions among video generation token modeling and predictive world models","background","notes/P049_yan2021videogpt.md"
P050,"Object-Centric Learning with Slot Attention","Francesco Locatello; Dirk Weissenborn; Thomas Unterthiner; Aravindh Mahendran; Georg Heigold; Jakob Uszkoreit; Alexey Dosovitskiy; Thomas Kipf",2020,"arXiv","2006.15055","UNKNOWN","https://arxiv.org/abs/2006.15055","locatello2020slotattention","object_centric_world_models","object_discovery","object_centric_representation_learning","images","object_slots","slot_attention","iterative_attention_binding","object_slot_bias","none","no","object_centric_datasets","reconstruction; segmentation_metrics","Introduces Slot Attention as a foundational object-centric representation mechanism","Representation paper rather than a dynamics or control world model","Foundation for slot-based world-model discussion in Section 05","core","notes/P050_locatello2020slotattention.md"
P051,"Conditional Object-Centric Learning from Video","Thomas Kipf; Gamaleldin F. Elsayed; Aravindh Mahendran; Austin Stone; Sara Sabour; Georg Heigold; Rico Jonschkowski; Alexey Dosovitskiy; Klaus Greff",2021,"arXiv","2111.12594","UNKNOWN","https://arxiv.org/abs/2111.12594","kipf2021savi","object_centric_world_models","video_object_centric","object_centric_video_representation","video","object_slots","savi","temporally_conditioned_slot_attention","object_slot_bias","none","no","video_object_datasets","segmentation; reconstruction","Extends object-centric learning to video with temporal conditioning","Mostly representation-focused rather than a complete predictive simulator","Supports temporal consistency and video object-centric learning in Section 05","core","notes/P051_kipf2021savi.md"
P052,"SAVi++: Towards End-to-End Object-Centric Learning from Real-World Videos","Gamaleldin F. Elsayed; Aravindh Mahendran; Sjoerd van Steenkiste; Klaus Greff; Michael C. Mozer; Thomas Kipf",2022,"arXiv","2206.07764","UNKNOWN","https://arxiv.org/abs/2206.07764","elsayed2022savipp","object_centric_world_models","real_world_video_ocl","object_centric_video_representation","real_world_video","object_slots","savi_plus_plus","temporally_conditioned_slot_attention","object_slot_bias","none","no","real_world_video_datasets","segmentation; reconstruction","Moves object-centric video learning toward real-world videos","Still representation-centered and not a full physical dynamics model","Supports Section 05 discussion beyond synthetic object-centric settings","core","notes/P052_elsayed2022savipp.md"
P054,"Object-Centric Learning for Real-World Videos by Predicting Temporal Feature Similarities","Andrii Zadaianchuk; Maximilian Seitzer; Georg Martius",2023,"arXiv","2306.04829","UNKNOWN","https://arxiv.org/abs/2306.04829","zadaianchuk2023temporalfeaturesim","object_centric_world_models","real_world_video_ocl","object_centric_video_representation","real_world_video","object_slots","object_centric_feature_prediction","temporal_feature_similarity_prediction","object_slot_bias","none","no","real_world_video_datasets","UNKNOWN","Uses temporal feature similarity prediction for object-centric real-world video learning","Candidate paper requiring careful note extraction before strong claims","Extends Section 05 real-world object-centric video coverage","candidate","notes/P054_zadaianchuk2023temporalfeaturesim.md"
P057,"Mastering Diverse Domains through World Models","Danijar Hafner; Jurgis Pasukonis; Jimmy Ba; Timothy Lillicrap",2023,"arXiv","2301.04104","UNKNOWN","https://arxiv.org/abs/2301.04104","hafner2023dreamerv3","latent_world_models","general_world_model_rl","model_based_rl","video_plus_action","latent_state_plus_policy","rssm_actor_critic","latent_space","none","action_conditioned","no","diverse_control_domains","episode_return","Extends Dreamer-style world models across diverse domains","Still reward-centric and not a physical-law evaluation by itself","Keeps Section 06 latent world model lineage current beyond Dreamer 2020","core","notes/P057_hafner2023dreamerv3.md"
P062,"iVideoGPT: Interactive VideoGPTs are Scalable World Models","Jialong Wu; Shaofeng Yin; Ningya Feng; Xu He; Dong Li; Jianye Hao; Mingsheng Long",2024,"arXiv","2405.15223","UNKNOWN","https://arxiv.org/abs/2405.15223","wu2024ivideogpt","interactive_world_models","interactive_token_world_model","interactive_video_world_modeling","video_plus_action","interactive_video","token_transformer","token_autoregressive_dynamics","none","interactive","no","UNKNOWN","UNKNOWN","Connects tokenized video generation to interactive world modeling","Candidate paper requiring detailed notes before manuscript claims","Bridge paper for Sections 06 and 07","candidate","notes/P062_wu2024ivideogpt.md"
P063,"Video generation models as world simulators","Tim Brooks; Bill Peebles; Connor Holmes; Will DePue; Yufei Guo",2024,"OpenAI technical report","UNKNOWN","UNKNOWN","https://openai.com/index/video-generation-models-as-world-simulators/","brooks2024sorareport","generative_simulation","world_simulator_discussion","video_generation_as_simulation","text_or_video_prompt","video","large_video_generation_model","generative_video_dynamics","none","conditional","no","UNKNOWN","qualitative_analysis","Frames scaled video generation as a possible route toward world simulators","Technical report claims should be treated cautiously and not as proof of physical validity","Section 07 should discuss this as a contested simulator framing","core","notes/P063_brooks2024sorareport.md"
P064,"Learning Interactive Real-World Simulators","Sherry Yang; Yilun Du; Kamyar Ghasemipour; Jonathan Tompson; Leslie Kaelbling; Dale Schuurmans; Pieter Abbeel",2023,"arXiv","2310.06114","UNKNOWN","https://arxiv.org/abs/2310.06114","yang2023unisim","interactive_world_models","interactive_simulator","learning_interactive_real_world_simulators","video_plus_action","interactive_video","generative_simulator","action_conditioned_dynamics","none","interactive","no","real_world_video_data","UNKNOWN","Targets interactive real-world simulation rather than passive video realism","Requires detailed note extraction before comparing mechanisms","Core Section 07 evidence for interactivity as a distinct goal","core","notes/P064_yang2023unisim.md"
P065,"GAIA-1: A Generative World Model for Autonomous Driving","Anthony Hu; Lloyd Russell; Hudson Yeo; Zak Murez; George Fedoseev; Alex Kendall; Jamie Shotton; Gianluca Corrado",2023,"arXiv","2309.17080","UNKNOWN","https://arxiv.org/abs/2309.17080","hu2023gaia1","interactive_world_models","driving_world_model","autonomous_driving_world_model","driving_video_plus_controls","driving_video","generative_driving_world_model","conditional_video_dynamics","driving_priors","conditional","no","driving_data","UNKNOWN","Applies generative world modeling to autonomous driving video","Domain-specific and should not be generalized to all physical simulation","Adds driving world models to Section 07 beyond game examples","core","notes/P065_hu2023gaia1.md"
P066,"DriveDreamer: Towards Real-world-driven World Models for Autonomous Driving","Xiaofeng Wang; Zheng Zhu; Guan Huang; Xinze Chen; Jiagang Zhu; Jiwen Lu",2023,"arXiv","2309.09777","UNKNOWN","https://arxiv.org/abs/2309.09777","wang2023drivedreamer","interactive_world_models","driving_world_model","driving_video_generation","driving_video_plus_conditions","driving_video","diffusion_driving_world_model","conditional_diffusion_dynamics","driving_priors","conditional","no","driving_data","UNKNOWN","Uses real-world driving data for controllable driving video world modeling","Domain-specific and needs benchmark details before strong claims","Supports Section 07 real-world-driven diffusion world models","core","notes/P066_wang2023drivedreamer.md"
P067,"DriveDreamer-2: LLM-Enhanced World Models for Diverse Driving Video Generation","Guosheng Zhao; Xiaofeng Wang; Zheng Zhu; Xinze Chen; Guan Huang; Xiaoyi Bao; Xingang Wang",2024,"arXiv","2403.06845","UNKNOWN","https://arxiv.org/abs/2403.06845","zhao2024drivedreamer2","interactive_world_models","driving_world_model","driving_video_generation","driving_video_plus_language","driving_video","llm_enhanced_video_world_model","conditional_video_dynamics","driving_priors","conditional","no","driving_data","UNKNOWN","Explores language-enhanced controllable driving video generation","Candidate paper for semantic controllability rather than core physical validity","Contrasts explicit semantic conditioning with latent controls in Section 07","candidate","notes/P067_zhao2024drivedreamer2.md"
P068,"Cosmos World Foundation Model Platform for Physical AI","NVIDIA et al.",2025,"arXiv","2501.03575","UNKNOWN","https://arxiv.org/abs/2501.03575","nvidia2025cosmos","interactive_world_models","world_foundation_model","physical_ai_world_foundation_model","video_plus_conditions","video_or_world_states","world_foundation_model","generative_world_dynamics","physical_ai_bias","conditional","no","UNKNOWN","UNKNOWN","Represents industrial-scale world foundation model development for physical AI","Platform-scale paper requiring cautious treatment and detailed notes","Candidate Section 07 reference for world foundation model framing","candidate","notes/P068_nvidia2025cosmos.md"
P078,"WorldScore: A Unified Evaluation Benchmark for World Generation","Haoyi Duan; Hong-Xing Yu; Sirui Chen; Li Fei-Fei; Jiajun Wu",2025,"arXiv","2504.00983","UNKNOWN","https://arxiv.org/abs/2504.00983","duan2025worldscore","evaluation_benchmarks","world_generation_benchmark","evaluation_of_world_generation","generated_worlds","benchmark_score","benchmark","UNKNOWN","world_generation_evaluation","none","yes","WorldScore","world_generation_metrics","Introduces a unified evaluation benchmark for world generation","Not specifically a physical-law benchmark and broader than video world models alone","Candidate Section 08 addition for broader evaluation taxonomy","candidate","notes/P078_duan2025worldscore.md"
P079,"V-JEPA 2: Self-Supervised Video Models Enable Understanding, Prediction and Planning","Mido Assran; Adrien Bardes; David Fan; Quentin Garrido; Russell Howes; Mojtaba Komeili; Matthew Muckley; Ammar Rizvi; Claire Roberts; Koustuv Sinha; Artem Zholus; Sergio Arnaud; Abha Gejji; Ada Martin; Francois Robert Hogan; Daniel Dugas; Piotr Bojanowski; Vasil Khalidov; Patrick Labatut; Francisco Massa; Marc Szafraniec; Kapil Krishnakumar; Yong Li; Xiaodong Ma; Sarath Chandar; Franziska Meier; Yann LeCun; Michael Rabbat; Nicolas Ballas",2025,"arXiv","2506.09985","UNKNOWN","https://arxiv.org/abs/2506.09985","assran2025vjepa2_prov","latent_world_models","self_supervised_video_world_model","video_representation_planning","video_plus_action","latent_state_plus_policy","jepa_transformer","latent_space","none","action_conditioned","no","DROID; Something-Something v2; Epic-Kitchens-100","top-1 accuracy; recall-at-5; QA accuracy","Self-supervised joint-embedding predictive video model with reported planning use through V-JEPA 2-AC","Requires detailed note extraction before strong claims about planning, transfer, or physical reasoning","Candidate recent latent video world-model reference for Section 06","candidate","notes/P079_vjepa2_self_supervised_video_models.md"
P080,"Latent Action Pretraining from Videos","Seonghyeon Ye; Joel Jang; Byeongguk Jeon; Sejune Joo; Jianwei Yang; Baolin Peng; Ajay Mandlekar; Reuben Tan; Yu-Wei Chao; Bill Yuchen Lin; Lars Liden; Kimin Lee; Jianfeng Gao; Luke Zettlemoyer; Dieter Fox; Minjoon Seo",2025,"ICLR","2410.11758","UNKNOWN","https://arxiv.org/abs/2410.11758","ye2025lapa_prov","interactive_world_models","latent_action_vla","latent_action_pretraining","video_plus_language","latent_action_plus_policy","vqvae_vla","latent_space","none","interactive","no","internet-scale videos; robot manipulation data","task_success; generalization","Learns latent actions from videos for pretraining vision-language-action models","Requires detailed note extraction before strong claims about transfer or comparison to action-labeled VLA models","Candidate bridge between unlabeled video, latent actions, and embodied control","candidate","notes/P080_latent_action_pretraining_from_videos.md"
P081,"Diffusion Forcing: Next-token Prediction Meets Full-Sequence Diffusion","Boyuan Chen; Diego Marti Monso; Yilun Du; Max Simchowitz; Russ Tedrake; Vincent Sitzmann",2024,"NeurIPS","2407.01392","10.52202/079017-0759","https://arxiv.org/abs/2407.01392","chen2024diffusion_forcing_prov","diffusion_world_models","causal_diffusion_sequence_model","sequence_generation_and_planning","video_or_state_sequence","future_sequence","causal_diffusion","pixel_and_latent","none","conditional","no","UNKNOWN","rollout_stability; planning_success","Connects next-token prediction with full-sequence diffusion through independent per-token noise levels","Requires detailed note extraction before strong claims about downstream planning gains or follow-up influence","Candidate mechanism paper for Sections 04 and 07","candidate","notes/P081_diffusion_forcing_next_token_prediction.md"
P082,"WorldModelBench: Judging Video Generation Models As World Models","Dacheng Li; Yunhao Fang; Yukang Chen; Shuo Yang; Shiyi Cao; Justin Wong; Michael Luo; Xiaolong Wang; Hongxu Yin; Joseph E. Gonzalez; Ion Stoica; Song Han; Yao Lu",2025,"NeurIPS Datasets and Benchmarks","2502.20694","UNKNOWN","https://arxiv.org/abs/2502.20694","li2025worldmodelbench_prov","evaluation_benchmarks","world_model_judgment_benchmark","evaluation_of_video_world_models","text_plus_video_prompt","benchmark_score","benchmark","UNKNOWN","none","none","yes","WorldModelBench","instruction_following; physics_adherence; human_preference","Benchmark for judging video generation models as world models using instruction-following and physics-adherence criteria","Requires detailed note extraction before strong claims about model rankings or automatic judger reliability","Candidate Section 08 benchmark for video world-model evaluation","candidate","notes/P082_worldmodelbench_judging_video_generation.md"
P083,"VideoPhy-2: A Challenging Action-Centric Physical Commonsense Evaluation in Video Generation","Hritik Bansal; Clark Peng; Yonatan Bitton; Roman Goldenberg; Aditya Grover; Kai-Wei Chang",2025,"arXiv","2503.06800","UNKNOWN","https://arxiv.org/abs/2503.06800","bansal2025videophy2_prov","evaluation_benchmarks","physical_commonsense_benchmark","evaluation_of_generated_videos","text_plus_video","benchmark_score","benchmark","UNKNOWN","physical_commonsense_bias","none","yes","VideoPhy-2","human_eval; auto_eval","Action-centric benchmark for evaluating physical commonsense in generated videos","Requires detailed note extraction before strong claims about model failure rates or automatic evaluation","Candidate Section 08 successor to VideoPhy for physical commonsense evaluation","candidate","notes/P083_videophy2_action_centric_physical_commonsense.md"
P084,"Morpheus: Benchmarking Physical Reasoning of Video Generative Models with Real Physical Experiments","Chenyu Zhang; Daniil Cherniavskii; Antonios Tragoudaras; Antonios Vozikis; Thijmen Nijdam; Derck W. E. Prinzhorn; Mark Bodracska; Nicu Sebe; Andrii Zadaianchuk; Efstratios Gavves",2025,"arXiv","2504.02918","UNKNOWN","https://arxiv.org/abs/2504.02918","zhang2025morpheus_prov","evaluation_benchmarks","real_world_physical_reasoning_benchmark","evaluation_of_video_models","text_or_image_prompt","benchmark_score","benchmark","UNKNOWN","physical_reasoning_bias","none","yes","Morpheus","physics-informed metrics","Benchmarks video generative models using real physical experiments and conservation-law-guided evaluation","Requires detailed note extraction before strong claims about physical-law failures or evaluated model comparisons","Candidate Section 08 reference connecting generative video evaluation to real physical experiments","candidate","notes/P084_morpheus_benchmarking_physical_reasoning.md"
P085,"What-If World: A Causal Benchmark for General World Models in Embodied Scenarios","Kunlin Cai; Rui Song; Jinghuai Zhang; Kaiyuan Zhang; Pranav Bodapati; Alicia Yu; Fnu Suya; Mohammad Rostami; Jiaqi Ma; Yuan Tian",2026,"arXiv","2605.27589","UNKNOWN","https://arxiv.org/abs/2605.27589","cai2026whatifworld_prov","evaluation_benchmarks","causal_intervention_benchmark","evaluation_of_world_models","text_plus_initial_frame","benchmark_score","benchmark","UNKNOWN","causal_physics_bias","none","yes","What-If World; nuScenes; DROID","APEO_score","Causal benchmark using paired prompts to evaluate embodied world-model responses to changed physical details","Very recent preprint; requires detailed note extraction before strong claims about adoption or benchmark scope","Candidate Section 08 reference for causal and counterfactual evaluation","candidate","notes/P085_what_if_world_causal_benchmark.md"
